{"last_download_success": 1671180217.5038786, "unseen_downloads": ["/home/atri/.config/variety/Downloaded/Bing/OHR.SaltDesert_EN-US2123050087_1920x1080.jpg"], "last_download_failure": 1671183160.9114618}